"","x"
"1","Northeast Adams"
"2","Barr Lake State Park"
"3","North Thornton"
"4","North Aurora"
"5","West Brighton"
"6","Benedict Park, Central Brighton"
"7","Todd Creek and East Thornton"
"8","Southwest Thornton"
"9","South Westminster"
"10","East Brighton"
"11","Central Commerce City"
"12","Quail Crossing Park"
"13","Big Dry Creek"
"14","Wyco Park, Northeast Northglenn"
"15","Central Northglenn"
"16","North Central Westminster"
"17","West Northglenn"
"18","Riverdale Park and South Thornton"
"19","Federal Heights North"
"20","Federal Heights Federal Heights and Sherrelwood"
"21","Westminster Center Park"
"22","Welby and East North Washington"
"23","Twin Lakes, Berkely, and West North Washington"
"24","Derby, Southeast Thornton, and Southwest Commerce City"
"25","South Commerce City"
"26","Montview Park"
"27","East Arapaphoe"
"28","Southeast Aurora"
"29","Northeast Centennial"
"30","Cherry Hills Village Area"
"31","Dekoevend Park"
"32","Sullivan"
"33","Central East Aurora"
"34","Centennial Airport"
"35","West Greenwood Village"
"36","Virginia Village"
"37","Southwest Littleton"
"38","Southeast Centennial"
"39","East Columbine"
"40","Central south Littleton"
"41","Olympic Park"
"42","South Littleton"
"43","Utah Park"
"44","Bowels Grove Park"
"45","Heritage Eagle Bend"
"46","East central Englewood"
"47","Laredo Highline"
"48","Cherry Creek Reservoir"
"49","Exposition Park and Aurora Hills"
"50","Northeast Littleton"
"51","Littleton North"
"52","Northwest Sheridan"
"53","West Centennial"
"54","Sterne Park and Slaughterhouse Gulch Park"
"55","Holly Hills"
"56","City Hall"
"57","Wellshire"
"58","Glendale Area"
"59","Indian Creek"
"60","Conservatory"
"61","Aurora Highlands and Side Creek"
"62","Chambers Heights and Laredo Highline"
"63","Summer Valley Park"
"64","Windsor"
"65","Hampden"
"66","Mission Viejo"
"67","Delmar Parkway, Jewell Heights, and Hoffman Heights"
"68","Northeast Parker"
"69","University Hills(Denver County)"
"70","Goldsmith"
"71","Fort Logan"
"72","S Federal Blvd and W Belleview Ave"
"73","Washington Virginia Vale"
"74","Kennedy"
"75","Northeast Broomfield"
"76","Central North Broomfield"
"77","Southeast Broomfield"
"78","Lac Amora Park and Zangs Spur Park"
"79","Central West Broomfield"
"80","Louisville and Southeast Boulder Valley"
"81","Southeast Lafayette and Rock Creek Farm Park"
"82","Oakhurst Park, Sherwood Park"
"83","Southwest Broomfield"
"84","Whisper Creek"
"85","Denver Airport"
"86","Green Valley Ranch"
"87",NA
"88","Montbello"
"89","Stapleton"
"90","Northeast Park Hill"
"91","North Park Hill"
"92","South Park Hill"
"93","East Colfax"
"94","Elyria Swansea"
"95","Globeville"
"96","Chaffee Park"
"97","Regis"
"98","Berkeley"
"99","Sunnyside"
"100","Cole"
"101","Clayton"
"102","Skyland"
"103","Five Points"
"104","Whittier(Denver County)"
"105","Union Station"
"106","Highland"
"107","West Highland"
"108","Sloans Lake"
"109","Jefferson Park"
"110","Lincoln Park"
"111","West Colfax"
"112","Congress Park"
"113","Cherry Creek"
"114","Cheesman Park"
"115","Country Club"
"116","Capitol Hill"
"117","Speer"
"118","Civic Center"
"119","Villa Park"
"120","Sun Valley"
"121","Barnum"
"122","Barnum West"
"123","Westwood"
"124","Mar Lee"
"125","Ruby Hill"
"126","Washington Park West"
"127","Platte Park"
"128","Overland"
"129","Washington Park"
"130","Cory-Merrill"
"131","University"
"132","University Park"
"133","Rosedale"
"134","College View"
"135","Harvey Park South"
"136","Harvey Park"
"137","Lowry Field"
"138","Montclair"
"139","Hale"
"140","Hilltop"
"141","Hampden South"
"142","Southmoor Park"
"143","Bear Valley"
"144","Marston"
"145","Mount Carbon Park and Westgate"
"146","South Marston Lake"
"147","Charles Whitlock Rec Park and Morse Park"
"148","Northwest Lakewood"
"149","Northeast Lakewood"
"150","Fruitdale, Kipling and I-70 & Clearcreek"
"151","Allendale"
"152","Long Lake Ranch Park and North Table Mountain"
"153","Wyndam Park"
"154","Skiline, Arvada Plaza and Terrace Park"
"155","Ralston"
"156","Alta Vista and Memorial Park"
"157","Applewood, Echo Hill, Rolling Hills and Meadows"
"158","Golden Gate Canyon and Coal Creek Canyon"
"159","Lakota Hills, Golden Proper"
"160","Homestead Park and Columbine"
"161","Hine Lake, Powderhorn Park and Westbury Park"
"162","Ken Caryl Ranch"
"163","Alder-Three Sisters Park"
"164","Mount Falcon Canyon Park"
"165","Clement Park"
"166","Apel Bacher Park, Koch Sub and Coulehan Grange"
"167","Okane Park, Washington Heights Park"
"168","Shadow Mountain"
"169","Bell Park"
"170","Lake Arbor"
"171","Far Horizons"
"172","Pomona"
"173","Southwest Standley Lake"
"174","Larmar Heights"
"175","Highlands, Prkway, Wood Creek and Hackbrhl"
"176","Hackberry Hill"
"177","Van Aredale and Harvest"
"178","Yankee Doodle Park, Ralston Vally and Apex"
"179","Scenic Heights"
"180","Northwest Arvada"
"181","Leyden"
"182","South Standley Lake"
"183","Arvada Center"
"184","Westwoods Park"
"185","Meyer Ranch Park"
"186","Wayside Meadows Park"
"187","Berrian Mountain"
"188","Genesee Park"
"189","Hayden Green Mountain Park"
"190","Elk Meadow Park"
"191","Hutchinson Park"
"192","South Lakewood"
"193","Pine Junction Area and Kings Valley"
"194","Harriman Lake, Weaver Hollow Park and Blue Heron Park"
"195","West Pike National Forest"
"196","Deer Creek Canyon Park and James Q Newton Park"
"197","Clubcrest"
"198","Sierra Vista"
"199","Dover Square Park"
"200","Walnut Grove, Westbrook, Countryside and Crownpoint"
"201","East Old Golden RD"
"202","North StandleyLake Open Space Park"
